id,title,score,num_comments,author,created_utc,url,over_18,edited,spoiler,stickied
1aieu3j,Facts,1307,40,OldParticular2326,2024-02-04 03:59:33,https://i.redd.it/zv1x2jyeshgc1.jpeg,False,False,False,False
14442pi,"""We have great datasets""",1093,130,OverratedDataScience,2023-06-08 09:08:22,https://i.redd.it/0bv7bxlsfr4b1.jpg,False,False,False,False
12t22p4,i just want sleep,1018,75,Straight_House8628,2023-04-20 14:52:52,https://i.redd.it/u3lx5ziwy1va1.png,False,False,False,False
16mnj2y,I've finally built the perfect data pipeline!,1014,90,GreenSquid,2023-09-19 10:40:10,https://i.redd.it/0uv934osx6pb1.png,False,False,False,False
12zhvtk,PSA: Learn Vendor Agnostic Technologies!,1005,102,smashmaps,2023-04-26 13:39:02,https://i.redd.it/bdjqa87ue8wa1.png,False,False,False,False
1arwf4u,"Had an onsite interview with one of FAANG, all 6 interviewers were Indian ",967,69,HiroKifa,2024-02-16 01:35:03,https://www.reddit.com/r/dataengineering/comments/1arwf4u/had_an_onsite_interview_with_one_of_faang_all_6/,False,False,False,False
15ae6kp,The data engineer came to me... tears in his eyes,847,67,shed_antlers,2023-07-26 18:48:33,https://i.redd.it/1wm37l33vceb1.png,False,False,False,False
12m8ml7,Exporting to excel is always a people pleaser...,836,58,audiologician,2023-04-14 18:52:24,https://i.redd.it/6vtglxi2cwta1.png,False,False,False,False
1bd5wv8,It‚Äôs happening guys,826,203,marclamberti,2024-03-12 19:20:07,https://i.redd.it/x2u0nprdeync1.jpeg,False,False,False,False
s054b4,2022 Mood,749,122,theporterhaus,2022-01-09 23:43:39,https://i.redd.it/s7olw2f01ra81.jpg,False,False,False,False
xis5vv,Data driven organisations,733,42,adzsroka,2022-09-19 23:22:08,https://i.redd.it/cj8htjosfwo91.jpg,False,False,False,False
1brqa92,Is this chart accurate?,727,67,WadieXkiller,2024-03-30 19:37:33,https://i.redd.it/otv5gxbwxirc1.jpeg,False,False,False,False
12l9mzx,Who owns data quality?,712,88,Top-Substance2185,2023-04-13 22:40:57,https://i.redd.it/8ma1yb67cqta1.jpg,False,False,False,False
1aujhqw,How true is this!,612,44,_areebpasha,2024-02-19 09:39:22,https://i.redd.it/rs9mkuppiijc1.jpeg,False,False,False,False
oyju56,DataEngineering 2021 in one pic,609,55,Legitimate-Cry2837,2021-08-05 14:46:15,https://i.redd.it/pdnuk1r0yjf71.jpg,False,False,False,False
o210i3,I wrote a children's book / illustrated guide to Apache Kafka,612,46,mitchum_,2021-06-17 16:15:50,https://www.reddit.com/r/dataengineering/comments/o210i3/i_wrote_a_childrens_book_illustrated_guide_to/,False,False,False,False
1420fjz,I‚Äôve had the definition wrong this entire time‚Ä¶,580,46,Straight_House8628,2023-06-06 02:19:44,https://i.redd.it/9uviprh35b4b1.jpg,False,False,False,False
udboyq,I've been a big data engineer since 2015. I've worked at FAANG for 6 years and grew from L3 to L6. AMA,580,463,eczachly,2022-04-27 19:29:47,https://www.reddit.com/r/dataengineering/comments/udboyq/ive_been_a_big_data_engineer_since_2015_ive/,False,False,False,False
151xsis,"Data Scientists -- Ok, now I get it.",576,219,None,2023-07-17 10:11:47,https://www.reddit.com/r/dataengineering/comments/151xsis/data_scientists_ok_now_i_get_it/,False,False,False,False
1bc0bkv,"ELI5: what is ""Self-service Analytics"" (comic)",567,106,InitiativeOk6728,2024-03-11 10:47:22,https://www.reddit.com/gallery/1bc0bkv,False,False,False,False
y0qipu,Your Snowflake credits at work.,564,65,droppedorphan,2022-10-10 21:24:03,https://i.redd.it/2otvyplsp1t91.jpg,False,False,False,False
y3rxoe,It's amazing how many organizations workflows still revolve around Excel. I've seen CFOs and COOs folders filled with 20 different versions of the same Excel file.,559,95,DrRedmondNYC,2022-10-14 11:56:44,https://i.redd.it/a893r4wagrt91.jpg,False,False,False,False
p8crow,The struggle is real.,557,43,ali_azg,2021-08-20 20:01:39,https://i.redd.it/7wv74skyjki71.jpg,False,False,False,False
10mk6bc,The current data landscape,546,101,stchena,2023-01-27 12:57:49,https://i.redd.it/ny9pf4mfkmea1.png,False,False,False,False
18ffzmx,I Was Happier Being a Bartender Compared to Being a 6 Figure DE,542,176,None,2023-12-10 23:02:27,https://www.reddit.com/r/dataengineering/comments/18ffzmx/i_was_happier_being_a_bartender_compared_to_being/,False,False,False,False
1945s14,Guess the data type ‡≤†_‡≤†,531,47,Thinker_Assignment,2024-01-11 16:31:27,https://i.redd.it/t9nn0bq88ubc1.png,False,False,False,False
198kif0,"My company just put out 3 data engineering jobs last year, guess who we got?",525,108,Justanotherguy2022,2024-01-17 01:44:50,https://www.reddit.com/r/dataengineering/comments/198kif0/my_company_just_put_out_3_data_engineering_jobs/,False,False,False,False
p88ujn,"{""null""}",509,13,adgezaza87,2021-08-20 16:37:01,https://i.redd.it/gta0zsoejji71.jpg,False,False,False,False
18ix6hd,How Netflix does Data Engineering,503,111,rmoff,2023-12-15 10:32:06,https://www.reddit.com/r/dataengineering/comments/18ix6hd/how_netflix_does_data_engineering/,False,False,False,False
109fhh8,Happy (or not so happy) Wednesday! What part of your technical work do you dread the most? What are you doing about it?,492,69,tchungry,2023-01-11 20:47:16,https://i.redd.it/f1srh5yeygba1.jpg,False,False,False,False
p31jni,Was the data clean??,493,32,kuwala-io,2021-08-12 14:58:18,https://v.redd.it/j1uota2iyxg71,False,False,False,False
szrg3i,Yep,448,50,caksters,2022-02-23 20:43:40,https://i.redd.it/oolb3j4x9nj81.jpg,False,False,False,False
tuobs4,"Completed my first Data Engineering project with Kafka, Spark, GCP, Airflow, dbt, Terraform, Docker and more!",438,89,ankurchavda,2022-04-02 17:30:38,https://www.reddit.com/r/dataengineering/comments/tuobs4/completed_my_first_data_engineering_project_with/,False,False,False,False
ygieh8,"Data engineering projects with template: Airflow, dbt, Docker, Terraform (IAC), Github actions (CI/CD) & more",421,37,joseph_machado,2022-10-29 12:29:46,https://www.reddit.com/r/dataengineering/comments/ygieh8/data_engineering_projects_with_template_airflow/,False,False,False,False
1553rxb,"Barbenheimer, Data Engineering edition",417,18,Top-Substance2185,2023-07-20 21:24:56,https://i.redd.it/tw33gopht6db1.png,False,False,False,False
obyzb9,When my prof asks me to ‚Äúfind information on every person whose been pardoned ever for the past 4 presidencies‚Äù,420,23,veeeerain,2021-07-02 00:28:43,https://i.redd.it/z30386912p871.jpg,False,False,False,False
1b1f95l,Expectation from junior engineer ,409,132,Foot_Straight,2024-02-27 15:56:43,https://i.redd.it/nyexsfsbh5lc1.png,False,False,False,False
zaqmay,If data engineering did Spotify Wrapped,408,8,Straight_House8628,2022-12-02 16:33:11,https://i.redd.it/uemt99k9ii3a1.png,False,False,False,False
124d6qi,State of Data Engineering 2022,406,101,SyntheticBlood,2023-03-28 04:49:55,https://i.redd.it/3rc8hxffueqa1.jpg,False,False,False,False
10leclf,Follow up on that Google Drive question...,404,25,bartosaq,2023-01-26 00:19:57,https://i.redd.it/mkhpod7r6aea1.jpg,False,False,False,False
uojh8n,Data Scientist: building a fabulous AI out of garbage,397,23,Ems_gobears,2022-05-13 04:16:53,https://i.redd.it/wu7je3qv56z81.jpg,False,False,False,False
whz7pw,Anyone read this book? It came out in 2022 so it's very modern and up to date.,399,76,DrRedmondNYC,2022-08-06 21:50:03,https://i.redd.it/juq64l99z5g91.png,False,False,False,False
1c1cbfg,"Common DE pipelines and their tech stacks on AWS, GCP and Azure",399,59,_areebpasha,2024-04-11 11:06:55,https://i.redd.it/1t2lrh8q1utc1.jpeg,False,False,False,False
lio4nh,"How I feel in the coding interview when I get asked about BSTs and I damn well know all I‚Äôm going to do is call apis, parse json, and copy to Redshift.",393,20,pawtherhood89,2021-02-12 23:48:50,https://i.redd.it/8hwzbhn7w4h61.jpg,False,False,False,False
y2bl65,"What‚Äôs your process for deploying a data pipeline from a notebook, running it, and managing it in production?",391,207,jnkwok,2022-10-12 18:32:20,https://i.redd.it/pq04w47z4ft91.jpg,False,False,False,False
sexic6,How I feel today,388,33,Shamboma,2022-01-28 18:39:55,https://i.redd.it/usrjoe144he81.png,False,False,False,False
qr5z5v,"Ladies and gentlemen, I have good news and I wouldn't have been able to do it without this wholesome and helpful community",387,49,noNSFWcontent,2021-11-10 22:28:13,https://i.redd.it/3tbjs8rsguy71.jpg,False,False,False,False
otwwfe,This nice illustration or visualization of the Data Pipeline by semantix (https://semantix.com.br/data-platform/). Hope it may some insights for new DE friends.,379,25,sriny4c,2021-07-29 12:53:02,https://i.redd.it/isgxui7ue5e71.gif,False,False,False,False
v4hhz7,Just getting into Apache Airflow...this is the first thing that came to mind,384,35,ThyssenKurup,2022-06-04 04:52:52,https://i.redd.it/natxbqa7cj391.jpg,False,False,False,False
1767l40,Just do a quick 30min to 1hr take home test. ü§° ü§°,375,105,Dull_Biscotti7205,2023-10-12 13:55:58,https://i.redd.it/fvlmf8qz1stb1.jpg,False,False,False,False
10kl6lg,Finally got a job,374,99,1000gratitudepunches,2023-01-25 00:31:50,https://www.reddit.com/r/dataengineering/comments/10kl6lg/finally_got_a_job/,False,False,False,False
rr7paf,I'm Leaving FAANG After Only 4 Months,378,122,therealtibblesnbits,2021-12-29 13:02:08,https://www.reddit.com/r/dataengineering/comments/rr7paf/im_leaving_faang_after_only_4_months/,False,False,False,False
1aggfae,"Got a flight this weekend, which do I read first?",381,141,cheanerman,2024-02-01 17:28:14,https://i.redd.it/9a5y3tgyd0gc1.jpeg,False,False,False,False
yyh6l9,What are your favourite GitHub repos that shows how data engineering should be done?,378,40,theoriginalmantooth,2022-11-18 10:50:18,https://www.reddit.com/r/dataengineering/comments/yyh6l9/what_are_your_favourite_github_repos_that_shows/,False,False,False,False
owkdly,53+ years of experience in data engineering‚Ä¶,371,63,renok_archnmy,2021-08-02 18:16:35,https://i.redd.it/nnx7qc6tkze71.jpg,False,False,False,False
1ajyazo,Is there a DE equivalent to this?,374,33,PoloParachutes,2024-02-06 01:56:18,https://i.redd.it/7oa8cu09gvgc1.jpeg,False,False,False,False
zdj8y1,Data engineering with ChatGPT,377,51,bravehamster,2022-12-05 20:51:31,https://i.redd.it/jjbqnmnq554a1.png,False,False,False,False
1b7ojk4,An actual post in my company Slack today ,366,67,OneSixteenthRobot,2024-03-06 02:44:28,https://i.redd.it/nepsf40anmmc1.png,False,False,False,False
yfuknq,It's not always Old Man Jenkins...,366,19,Top-Substance2185,2022-10-28 17:15:39,https://i.redd.it/zus7bi9wxkw91.jpg,False,False,False,False
19bg4jf,I‚Äôm releasing a free data engineering boot camp in March,362,183,eczachly,2024-01-20 16:55:10,https://www.reddit.com/r/dataengineering/comments/19bg4jf/im_releasing_a_free_data_engineering_boot_camp_in/,False,False,False,False
14zh0hc,"It's not a glamorous life, but we all know who really drives the bus",363,52,itty-bitty-birdy-tb,2023-07-14 13:50:59,https://i.redd.it/s3fg4dwiqxbb1.png,False,False,False,False
prlh97,"Big Data Pipelines on AWS, Azure & GCP (associated blog in comments)",348,19,Kickass_Wizard,2021-09-20 02:06:44,https://i.redd.it/zrj5sut5gko71.png,False,False,False,False
104xlft,Free Data engineering bootcamp - Data Engineering Zoomcamp - starts in 10 days,343,88,stolzen,2023-01-06 15:54:24,https://www.reddit.com/r/dataengineering/comments/104xlft/free_data_engineering_bootcamp_data_engineering/,False,False,False,False
y9xa2k,"It is a recession after all, isn't it?",343,6,MooJerseyCreamery,2022-10-21 15:56:57,https://i.redd.it/i2wm18ghl6v91.png,False,False,False,False
1c0uf21,And so it begins. Databricks just couldn't help themselves. Get your wallets out.,340,190,dataengineeringdude,2024-04-10 19:38:20,https://www.reddit.com/r/dataengineering/comments/1c0uf21/and_so_it_begins_databricks_just_couldnt_help/,False,False,False,False
149urpv,"The ""Big Three's"" Data Storage Offerings",342,23,Kickass_Wizard,2023-06-15 06:24:23,https://i.redd.it/ao5lvu6rk46b1.png,False,False,False,False
y7dxl4,How are you exporting your prod DB tables to your data warehouse?,329,41,tchungry,2022-10-18 17:54:49,https://v.redd.it/0opyq3brrlu91,False,False,False,False
18ak69g,What opinion about data engineering would you defend like this?,333,371,OverratedDataScience,2023-12-04 13:27:11,https://i.redd.it/au4t5bq55a4c1.png,False,False,False,False
14midyu,Now in Snowflake: GROUP BY ALL,330,81,fhoffa,2023-06-29 22:20:32,https://i.imgur.com/Kh5unKB.jpg,False,False,False,False
1au9s4s,New DE advice from a Principal,330,86,ithinkiboughtadingo,2024-02-19 00:30:46,https://www.reddit.com/r/dataengineering/comments/1au9s4s/new_de_advice_from_a_principal/,False,False,False,False
nh53m5,Is there any interest in a collection of DE interview practice questions (Data Modeling/Architecture/SQL),326,91,TazMazter,2021-05-20 16:44:50,https://www.reddit.com/r/dataengineering/comments/nh53m5/is_there_any_interest_in_a_collection_of_de/,False,False,False,False
mwr0ji,Happened in the making of this meme as well,326,15,ffs_not_this_again,2021-04-23 08:55:29,https://i.redd.it/hzxl4c7k0wu61.png,False,False,False,False
yx2qsb,How are you monitoring your data pipelines and what are you using to debug production issues?,323,69,tchungry,2022-11-16 19:03:13,https://i.redd.it/f9dmcrn92d0a1.jpg,False,False,False,False
15f9uab,Fancy dashboards with volatile data pipelines!,317,12,growth_man,2023-08-01 11:29:09,https://i.redd.it/diy1dfnohhfb1.jpg,False,False,False,False
13f4sbf,I didn‚Äôt know you guys were paid THIS well,313,105,BeneficialTitle9042,2023-05-12 00:09:48,https://i.redd.it/3q8sosk43cza1.jpg,False,False,False,False
xkyzt8,I like caravans more.,299,9,Petermaniac,2022-09-22 11:39:26,https://i.redd.it/yn9kvrjvcep91.png,False,False,False,False
1abmrzv,"yes, I really said it",296,75,Awkward-Cupcake6219,2024-01-26 16:45:56,https://i.redd.it/8jacgiphctec1.jpeg,False,False,False,False
uh5juq,worried about the transition from data engineering to big data engineer,296,52,PacificShoreGuy,2022-05-03 02:00:11,https://www.reddit.com/r/dataengineering/comments/uh5juq/worried_about_the_transition_from_data/,False,False,False,False
s59bpv,Free data engineering course starts tomorrow!,296,46,stolzen,2022-01-16 10:44:04,https://www.reddit.com/r/dataengineering/comments/s59bpv/free_data_engineering_course_starts_tomorrow/,False,False,False,False
14663ur,r/dataengineering will be joining the blackout from June 12-14 to protest the proposed API changes which will end 3rd party apps.,297,21,AutoModerator,2023-06-10 17:34:04,https://www.reddit.com/r/dataengineering/comments/14663ur/rdataengineering_will_be_joining_the_blackout/,False,False,False,False
zr2klf,ETL using pandas,295,207,Salmon-Advantage,2022-12-20 23:01:14,https://i.redd.it/nu453udgd67a1.jpg,False,False,False,False
10fg07o,just got laid off (FAANG),284,84,Foodwithfloyd,2023-01-18 19:18:49,https://www.reddit.com/r/dataengineering/comments/10fg07o/just_got_laid_off_faang/,False,False,False,False
vkfs57,"I created a pipeline extracting Reddit data using Airflow, Docker, Terraform, S3, dbt, Redshift, and Google Data Studio",290,82,TheDataPanda,2022-06-25 14:05:54,https://www.reddit.com/r/dataengineering/comments/vkfs57/i_created_a_pipeline_extracting_reddit_data_using/,False,False,False,False
14vw6y3,Typical interview with Airflow enjoyer,285,25,ponkipo,2023-07-10 14:50:32,https://i.redd.it/2231e36jh5bb1.jpg,False,False,False,False
13l9ur0,DBT lays off 15% of their staff,288,151,Educational-Sir78,2023-05-18 20:26:44,https://www.reddit.com/r/dataengineering/comments/13l9ur0/dbt_lays_off_15_of_their_staff/,False,False,False,False
uyc87m,"""You wouldn't understand, it is not SQL!!"" - An advice for upcoming data engineers.",279,58,uncomfortablepanda,2022-05-26 17:01:52,https://www.reddit.com/r/dataengineering/comments/uyc87m/you_wouldnt_understand_it_is_not_sql_an_advice/,False,False,False,False
12ekdv2,Data engineers processing data access requests,282,24,Bart_Vee,2023-04-07 12:54:01,https://i.redd.it/fvhpekkylgsa1.png,False,False,False,False
tfm2hx,This job at Chewy looks very interesting.,278,36,Deb_Tradeideas,2022-03-16 16:31:32,https://i.redd.it/2979auv2wrn81.jpg,False,False,False,False
v8k8gs,Me when the DAG run fails,275,12,NaClEric,2022-06-09 16:08:00,https://i.redd.it/qob8bxq0dm491.png,False,False,False,False
13umeek,"So I watched a few videos about Fabric, and started to cry a little...",273,104,None,2023-05-29 05:58:16,https://www.reddit.com/r/dataengineering/comments/13umeek/so_i_watched_a_few_videos_about_fabric_and/,False,False,False,False
wriowg,"If you know, you know",273,38,SoonerDay,2022-08-18 12:46:42,https://i.imgur.com/4DF3dym.jpg,False,False,False,False
nto0nd,Data Engineering project for beginners V2,270,32,joseph_machado,2021-06-06 15:18:03,https://www.reddit.com/r/dataengineering/comments/nto0nd/data_engineering_project_for_beginners_v2/,False,False,False,False
164ybot,Pathway from Data Analyst to Data Engineer: Tips & Takeaways,266,63,danlsn,2023-08-29 23:36:15,https://www.reddit.com/r/dataengineering/comments/164ybot/pathway_from_data_analyst_to_data_engineer_tips/,False,False,False,False
129w7vp,I got the job!,267,51,va1kyrja-kara,2023-04-02 19:58:51,https://www.reddit.com/r/dataengineering/comments/129w7vp/i_got_the_job/,False,False,False,False
p3kpq9,1 year of must-read articles,265,20,blef__,2021-08-13 10:28:20,https://www.reddit.com/r/dataengineering/comments/p3kpq9/1_year_of_mustread_articles/,False,False,False,False
1b44v59,Why are there so many ETL tools when we have SQL and Python?,266,157,dildan101,2024-03-01 20:39:32,https://www.reddit.com/r/dataengineering/comments/1b44v59/why_are_there_so_many_etl_tools_when_we_have_sql/,False,False,False,False
xvr7sm,The only insightful venn diagram I've ever made,267,7,JParkerRogers,2022-10-04 21:26:19,https://i.redd.it/8jjwmi7rwur91.png,False,False,False,False
10lsa27,Don't Fall for the Hype: A Data Professional's Perspective on Familiar Concepts Rebranded as Innovations,267,99,sspaeti,2023-01-26 13:52:34,https://www.reddit.com/r/dataengineering/comments/10lsa27/dont_fall_for_the_hype_a_data_professionals/,False,False,False,False
10e5fus,Job search for Data Engineering in Stockholm (2yoe),259,51,aleda145,2023-01-17 06:49:14,https://i.redd.it/ifsbknzovjca1.png,False,False,False,False
12j7r5a,can't wait for an end to end python stack with no JVM,256,63,gorkemyurt,2023-04-12 03:04:04,https://i.redd.it/a7vapom3ddta1.png,False,False,False,False
